FamId,PersonNr,Barn18plus,Barn11_15,Barn16_17,Alder
20031231-4584,20031231-4584,,0,0,15
20031231-4584,20050508-9279,,0,0,14
20031231-4586,20031231-4586,,0,0,15
20031231-4586,20100714-2019,,0,0,9
20031231-4590,20031231-4590,,0,0,15
20031231-4590,20080611-0254,,0,0,2
20031231-4593,20031231-4593,,0,0,13
20031231-4593,20080304-9659,,0,0,11
20031231-4605,20031231-4605,,0,0,15
20031231-4605,20070711-9467,,0,0,12
20031231-4627,20031231-4627,,0,0,15
20031231-4627,20041226-3596,,0,0,14
20031231-4629,20031231-4629,,0,0,3
20031231-4629,20060325-5440,,0,0,13
20031231-4634,20031231-4634,,0,0,15
20031231-4634,20101231-9492,,0,0,8
20031231-4645,20031231-4645,,0,0,15
20031231-4645,20031231-8121,,0,0,15
20031231-4646,20031231-4646,,0,0,15
20031231-4646,20080517-7381,,0,0,11
20031231-4657,20031231-4657,,0,0,15
20031231-4657,20101231-8651,,0,0,8
20031231-4663,20031231-4663,,0,0,15
20031231-4663,20080228-4501,,0,0,11
20031231-4672,20031231-4672,,0,0,15
20031231-4672,20080521-6622,,0,0,11
20031231-4674,20031231-4674,,0,0,15
20031231-4674,20071021-1273,,0,0,12
20031231-4686,20031231-4686,,0,0,15
20031231-4686,20070205-1745,,0,0,12
20031231-4687,20031231-4687,,0,0,15
20031231-4687,20090115-8951,,0,0,10
20031231-4693,20031231-4693,,0,0,15
20031231-4693,20061106-6692,,0,0,13
20031231-4696,20031231-4696,,0,0,15
20031231-4696,20090412-7488,,0,0,10
20031231-4702,20031231-4702,,0,0,15
20031231-4702,20090224-2440,,0,0,10
20031231-4706,20031231-4706,,0,0,15
20031231-4706,20031231-8512,,0,0,15
20031231-4711,20031231-4711,,0,0,15
20031231-4711,20050214-0061,,0,0,14
20031231-4714,20031231-4714,,0,0,15
20031231-4714,20090805-9170,,0,0,10
20031231-4716,20031231-4716,,0,0,15
20031231-4716,20101231-2584,,0,0,8
20031231-4727,20031231-4727,,0,0,15
20031231-4727,20100610-3295,,0,0,9
20031231-4730,20031231-4730,,0,0,15
20031231-4730,20071026-8784,,0,0,12
20031231-4732,20031231-4732,,0,0,15
20031231-4732,20071017-5544,,0,0,12
20031231-4746,20031231-4746,,0,0,15
20031231-4746,20050704-2785,,0,0,14
20031231-4768,20031231-4768,,0,0,15
20031231-4768,20090313-0258,,0,0,10
20031231-4781,20031231-4781,,0,0,15
20031231-4781,20031231-5535,,0,0,15
20031231-4784,20031231-4784,,0,0,15
20031231-4784,20061208-8698,,0,0,12
20031231-4793,20031231-4793,,0,0,15
20031231-4793,20031231-2955,,0,0,15
20031231-4800,20031231-4800,,0,0,15
20031231-4800,20101112-5816,,0,0,9
20031231-4803,20031231-4803,,0,0,15
20031231-4803,20031231-1980,,0,0,15
20031231-4809,20031231-4809,,0,0,15
20031231-4809,20051019-6485,,0,0,14
20031231-4810,20031231-4810,,0,0,15
20031231-4810,20051224-6076,,0,0,13
20031231-4813,20031231-4813,,0,0,15
20031231-4813,20091006-2713,,0,0,10
20031231-4819,20031231-4819,,0,0,15
20031231-4819,20071020-7358,,0,0,12
20031231-4820,20031231-4820,,0,0,15
20031231-4820,20100303-6495,,0,0,9
20031231-4825,20031231-4825,,0,0,15
20031231-4825,20101002-3150,,0,0,9
20031231-4848,20031231-4848,,0,0,15
20031231-4848,20080720-4484,,0,0,11
20031231-4882,20031231-4882,,0,0,15
20031231-4882,20060221-7464,,0,0,13
20031231-4886,20031231-4886,,0,0,15
20031231-4886,20060510-3186,,0,0,13
20031231-4889,20031231-4889,,0,0,12
20031231-4889,20091017-2539,,0,0,10
20031231-4890,20031231-4890,,0,0,15
20031231-4890,20031231-3804,,0,0,15
20031231-4900,20031231-4900,,0,0,15
20031231-4900,20060427-5166,,0,0,1
20031231-4912,20031231-4912,,0,0,15
20031231-4912,20080603-1198,,0,0,11
20031231-4913,20031231-4913,,0,0,15
20031231-4913,20060727-2810,,0,0,13
20031231-4919,20031231-4919,,0,0,15
20031231-4919,20101231-1889,,0,0,8
20031231-4924,20031231-4924,,0,0,15
20031231-4924,20100922-3608,,0,0,9
20031231-4938,20031231-4938,,0,0,15
20031231-4938,20041026-6752,,0,0,15
20031231-4951,20031231-4951,,0,0,15
20031231-4951,20031231-1558,,0,0,15
20031231-4965,20031231-4965,,0,0,15
20031231-4965,20051030-8461,,0,0,14
20031231-4970,20031231-4970,,0,0,15
20031231-4970,20090515-6579,,0,0,10
20031231-4980,20031231-4980,,0,0,15
20031231-4980,20071024-1931,,0,0,12
20031231-4987,20031231-4987,,0,0,15
20031231-4987,20061117-5344,,0,0,13
20031231-4989,20031231-4989,,0,0,15
20031231-4989,20091019-5980,,0,0,10
20031231-4995,20031231-4995,,0,0,13
20031231-4995,20070305-2344,,0,0,12
20031231-5012,20031231-5012,,0,0,15
20031231-5012,20060507-2022,,0,0,13
20031231-5024,20031231-5024,,0,0,15
20031231-5024,20081124-3865,,0,0,11
20031231-5040,20031231-5040,,0,0,15
20031231-5040,20100202-3148,,0,0,9
20031231-5043,20031231-5043,,0,0,15
20031231-5043,20070515-1014,,0,0,12
20031231-5053,20031231-5053,,0,0,15
20031231-5053,20090221-4776,,0,0,10
20031231-5059,20031231-5059,,0,0,15
20031231-5059,20060123-8168,,0,0,13
20031231-5077,20031231-5077,,0,0,15
20031231-5077,20060204-0228,,0,0,13
20031231-5078,20031231-5078,,0,0,15
20031231-5078,20080717-1567,,0,0,11
20031231-5093,20031231-5093,,0,0,15
20031231-5093,20051219-0733,,0,0,13
20031231-5103,20031231-5103,,0,0,15
20031231-5103,20050313-6732,,0,0,14
20031231-5115,20031231-5115,,0,0,15
20031231-5115,20100103-6885,,0,0,9
20031231-5118,20031231-5118,,0,0,15
20031231-5118,20090202-4512,,0,0,10
20031231-5122,20031231-5122,,0,0,15
20031231-5122,20031231-8138,,0,0,15
20031231-5124,20031231-5124,,0,0,15
20031231-5124,20050108-2806,,0,0,14
20031231-5128,20031231-5128,,0,0,15
20031231-5128,20040413-7124,,0,0,15
20031231-5143,20031231-5143,,0,0,15
20031231-5143,20051202-0062,,0,0,13
20031231-5152,20031231-5152,,0,0,15
20031231-5152,20091231-5936,,0,0,4
20031231-5153,20031231-5153,,0,0,15
20031231-5153,20071113-7690,,0,0,12
20031231-5162,20031231-5162,,0,0,15
20031231-5162,20101231-7413,,0,0,8
20031231-5184,20031231-5184,,0,0,15
20031231-5184,20090425-8953,,0,0,10
20031231-5186,20031231-5186,,0,0,15
20031231-5186,20060211-6338,,0,0,13
20031231-5187,20031231-5187,,0,0,15
20031231-5187,20050317-2795,,0,0,14
20031231-5191,20031231-5191,,0,0,15
20031231-5191,20080125-0466,,0,0,11
20031231-5201,20031231-5201,,0,0,15
20031231-5201,20060307-3408,,0,0,13
20031231-5210,20031231-5210,,0,0,15
20031231-5210,20100702-5489,,0,0,8
20031231-5216,20031231-5216,,0,0,15
20031231-5216,20090117-4267,,0,0,10
20031231-5222,20031231-5222,,0,0,1
20031231-5222,20060209-2902,,0,0,13
20031231-5235,20031231-5235,,0,0,15
20031231-5235,20031231-8742,,0,0,15
20031231-5265,20031231-5265,,0,0,15
20031231-5265,20040607-8197,,0,0,4
20031231-5266,20031231-5266,,0,0,15
20031231-5266,20070326-0565,,0,0,12
20031231-5273,20031231-5273,,0,0,15
20031231-5273,20040407-6004,,0,0,15
20031231-5286,20031231-5286,,0,0,15
20031231-5286,20101231-8243,,0,0,8
20031231-5287,20031231-5287,,0,0,15
20031231-5287,20101211-6295,,0,0,8
20031231-5298,20031231-5298,,0,0,15
20031231-5298,20060919-5226,,0,0,13
20031231-5302,20031231-5302,,0,0,15
20031231-5302,20070106-1902,,0,0,12
20031231-5309,20031231-5309,,0,0,15
20031231-5309,20050611-2115,,0,0,9
20031231-5312,20031231-5312,,0,0,10
20031231-5312,20050418-0906,,0,0,14
20031231-5317,20031231-5317,,0,0,15
20031231-5317,20071206-9991,,0,0,11
20031231-5320,20031231-5320,,0,0,15
20031231-5320,20061207-5558,,0,0,12
20031231-5321,20031231-5321,,0,0,15
20031231-5321,20090806-5824,,0,0,10
20031231-5328,20031231-5328,,0,0,15
20031231-5328,20090702-3628,,0,0,10
20031231-5342,20031231-5342,,0,0,15
20031231-5342,20031231-9843,,0,0,15
20031231-5343,20031231-5343,,0,0,15
20031231-5343,20070713-1586,,0,0,12
20031231-5357,20031231-5357,,0,0,15
20031231-5357,20080125-4594,,0,0,11
20031231-5382,20031231-5382,,0,0,15
20031231-5382,20031231-6059,,0,0,15
20031231-5388,20031231-5388,,0,0,15
20031231-5388,20100301-2896,,0,0,9
20031231-5396,20031231-5396,,0,0,15
20031231-5396,20080109-0471,,0,0,11
20031231-5409,20031231-5409,,0,0,15
20031231-5409,20080607-0902,,0,0,11
20031231-5411,20031231-5411,,0,0,15
20031231-5411,20070528-6168,,0,0,12
20031231-5412,20031231-5412,,0,0,15
20031231-5412,20080815-2103,,0,0,9
20031231-5415,20031231-5415,,0,0,15
20031231-5415,20100513-0023,,0,0,9
20031231-5432,20031231-5432,,0,0,15
20031231-5432,20050727-6186,,0,0,14
20031231-5442,20031231-5442,,0,0,15
20031231-5442,20071119-1415,,0,0,12
20031231-5454,20031231-5454,,0,0,15
20031231-5454,20100618-2584,,0,0,9
20031231-5461,20031231-5461,,0,0,15
20031231-5461,20050903-9397,,0,0,14
20031231-5480,20031231-5480,,0,0,15
20031231-5480,20101125-5420,,0,0,9
20031231-5496,20031231-5496,,0,0,15
20031231-5496,20100609-4084,,0,0,9
20031231-5501,20031231-5501,,0,0,15
20031231-5501,20060617-0170,,0,0,13
20031231-5502,20031231-5502,,0,0,15
20031231-5502,20061109-7704,,0,0,13
20031231-5509,20031231-5509,,0,0,15
20031231-5509,20050915-9844,,0,0,14
20031231-5516,20031231-5516,,0,0,15
20031231-5516,20080627-5166,,0,0,11
20031231-5519,20031231-5519,,0,0,15
20031231-5519,20070218-9900,,0,0,12
20031231-5528,20031231-5528,,0,0,15
20031231-5528,20100601-1318,,0,0,9
20031231-5538,20031231-5538,,0,0,15
20031231-5538,20090204-4278,,0,0,10
20031231-5539,20031231-5539,,0,0,15
20031231-5539,20070103-6538,,0,0,12
20031231-5545,20031231-5545,,0,0,15
20031231-5545,20080430-4347,,0,0,11
20031231-5555,20031231-5555,,0,0,15
20031231-5555,20090322-9528,,0,0,10
20031231-5560,20031231-5560,,0,0,15
20031231-5560,20060224-0484,,0,0,13
20031231-5567,20031231-5567,,0,0,15
20031231-5567,20051023-9834,,0,0,14
20031231-5569,20031231-5569,,0,0,15
20031231-5569,20060319-6912,,0,0,8
20031231-5573,20031231-5573,,0,0,15
20031231-5573,20061202-1037,,0,0,12
20031231-5577,20031231-5577,,0,0,15
20031231-5577,20070726-1476,,0,0,12
20031231-5578,20031231-5578,,0,0,15
20031231-5578,20080202-6277,,0,0,11
20031231-5588,20031231-5588,,0,0,15
20031231-5588,20031231-2005,,0,0,15
20031231-5593,20031231-5593,,0,0,15
20031231-5593,20040216-8306,,0,0,15
20031231-5603,20031231-5603,,0,0,15
20031231-5603,20040124-4274,,0,0,15
20031231-5605,20031231-5605,,0,0,8
20031231-5605,20031231-2713,,0,0,15
20031231-5606,20031231-5606,,0,0,15
20031231-5606,20081019-9891,,0,0,11
20031231-5607,20031231-5607,,0,0,15
20031231-5607,20100222-5262,,0,0,9
20031231-5614,20031231-5614,,0,0,15
20031231-5614,20070809-8738,,0,0,12
20031231-5621,20031231-5621,,0,0,15
20031231-5621,20081018-5107,,0,0,10
20031231-5626,20031231-5626,,0,0,15
20031231-5626,20070112-9189,,0,0,12
20031231-5630,20031231-5630,,0,0,15
20031231-5630,20060815-9681,,0,0,13
20031231-5637,20031231-5637,,0,0,15
20031231-5637,20060111-1277,,0,0,13
20031231-5643,20031231-5643,,0,0,15
20031231-5643,20070525-2478,,0,0,12
20031231-5644,20031231-5644,,0,0,15
20031231-5644,20041120-3706,,0,0,15
20031231-5649,20031231-5649,,0,0,0
20031231-5649,20071102-8872,,0,0,12
20031231-5664,20031231-5664,,0,0,15
20031231-5664,20080104-0712,,0,0,11
20031231-5668,20031231-5668,,0,0,15
20031231-5668,20101231-6218,,0,0,8
20031231-5675,20031231-5675,,0,0,15
20031231-5675,20081122-1048,,0,0,11
20031231-5676,20031231-5676,,0,0,15
20031231-5676,20070605-4218,,0,0,12
20031231-5703,20031231-5703,,0,0,15
20031231-5703,20061231-3054,,0,0,12
20031231-5716,20031231-5716,,0,0,15
20031231-5716,20060302-4229,,0,0,13
20031231-5735,20031231-5735,,0,0,15
20031231-5735,20080903-8983,,0,0,0
20031231-5736,20031231-5736,,0,0,15
20031231-5736,20061223-3485,,0,0,12
20031231-5741,20031231-5741,,0,0,15
20031231-5741,20061109-0913,,0,0,13
20031231-5742,20031231-5742,,0,0,15
20031231-5742,20050630-3553,,0,0,14
20031231-5754,20031231-5754,,0,0,15
20031231-5754,20070329-3880,,0,0,12
20031231-5755,20031231-5755,,0,0,15
20031231-5755,20101231-3109,,0,0,8
20031231-5762,20031231-5762,,0,0,15
20031231-5762,20060427-7255,,0,0,13
20031231-5770,20031231-5770,,0,0,15
20031231-5770,20080625-6602,,0,0,11
20031231-5783,20031231-5783,,0,0,15
20031231-5783,20050623-0669,,0,0,14
20031231-5787,20031231-5787,,0,0,15
20031231-5787,20060322-4808,,0,0,13
20031231-5788,20031231-5788,,0,0,15
20031231-5788,20050313-8148,,0,0,14
20031231-5793,20031231-5793,,0,0,15
20031231-5793,20080525-7488,,0,0,11
20031231-5796,20031231-5796,,0,0,15
20031231-5796,20090702-2919,,0,0,10
20031231-5806,20031231-5806,,0,0,15
20031231-5806,20050530-7362,,0,0,14
20031231-5809,20031231-5809,,0,0,15
20031231-5809,20050406-6537,,0,0,14
20031231-5815,20031231-5815,,0,0,15
20031231-5815,20090903-5910,,0,0,10
20031231-5824,20031231-5824,,0,0,15
20031231-5824,20080106-0242,,0,0,11
20031231-5844,20031231-5844,,0,0,15
20031231-5844,20080104-2853,,0,0,11
20031231-5880,20031231-5880,,0,0,15
20031231-5880,20031231-7704,,0,0,15
20031231-5886,20031231-5886,,0,0,15
20031231-5886,20070303-3336,,0,0,12
20031231-5900,20031231-5900,,0,0,15
20031231-5900,20061029-6332,,0,0,13
20031231-5905,20031231-5905,,0,0,15
20031231-5905,20101103-3672,,0,0,6
20031231-5940,20031231-5940,,0,0,15
20031231-5940,20100614-0607,,0,0,1
20031231-5942,20031231-5942,,0,0,15
20031231-5942,20101231-1260,,0,0,8
20031231-5952,20031231-5952,,0,0,15
20031231-5952,20080129-1649,,0,0,11
20031231-5957,20031231-5957,,0,0,14
20031231-5957,20040827-3270,,0,0,15
20031231-5974,20031231-5974,,0,0,15
20031231-5974,20061022-2011,,0,0,13
20031231-5976,20031231-5976,,0,0,15
20031231-5976,20051206-3437,,0,0,13
20031231-5987,20031231-5987,,0,0,15
20031231-5987,20050515-5752,,0,0,1
20031231-5988,20031231-5988,,0,0,15
20031231-5988,20101231-1093,,0,0,8
20031231-5998,20031231-5998,,0,0,15
20031231-5998,20040622-9714,,0,0,15
20031231-6012,20031231-6012,,0,0,15
20031231-6012,20080330-2856,,0,0,11
20031231-6015,20031231-6015,,0,0,11
20031231-6015,20050724-4597,,0,0,14
20031231-6020,20031231-6020,,0,0,15
20031231-6020,20101231-2437,,0,0,8
20031231-6021,20031231-6021,,0,0,15
20031231-6021,20101231-1989,,0,0,8
20031231-6035,20031231-6035,,0,0,15
20031231-6035,20080610-1355,,0,0,11
20031231-6043,20031231-6043,,0,0,15
20031231-6043,20080615-8593,,0,0,11
20031231-6048,20031231-6048,,0,0,15
20031231-6048,20101231-0846,,0,0,8
20031231-6055,20031231-6055,,0,0,15
20031231-6055,20060625-5230,,0,0,13
20031231-6063,20031231-6063,,0,0,15
20031231-6063,20031231-2762,,0,0,15
20031231-6066,20031231-6066,,0,0,15
20031231-6066,20071105-2495,,0,0,12
20031231-6078,20031231-6078,,0,0,15
20031231-6078,20060624-7397,,0,0,13
20031231-6084,20031231-6084,,0,0,15
20031231-6084,20101231-5826,,0,0,8
20031231-6093,20031231-6093,,0,0,15
20031231-6093,20080104-3940,,0,0,11
20031231-6100,20031231-6100,,0,0,15
20031231-6100,20031231-2141,,0,0,15
20031231-6107,20031231-6107,,0,0,15
20031231-6107,20080412-6795,,0,0,11
20031231-6116,20031231-6116,,0,0,15
20031231-6116,20031231-9528,,0,0,15
20031231-6117,20031231-6117,,0,0,15
20031231-6117,20060324-4868,,0,0,13
20031231-6118,20031231-6118,,0,0,15
20031231-6118,20090604-1186,,0,0,10
20031231-6125,20031231-6125,,0,0,15
20031231-6125,20101231-5809,,0,0,8
20031231-6135,20031231-6135,,0,0,15
20031231-6135,20041231-6208,,0,0,14
20031231-6159,20031231-6159,,0,0,15
20031231-6159,20090818-8742,,0,0,10
20031231-6163,20031231-6163,,0,0,15
20031231-6163,20071123-4041,,0,0,12
20031231-6184,20031231-6184,,0,0,15
20031231-6184,20040405-9554,,0,0,15
20031231-6193,20031231-6193,,0,0,15
20031231-6193,20070426-1964,,0,0,12
20031231-6198,20031231-6198,,0,0,15
20031231-6198,20100808-1128,,0,0,9
20031231-6202,20031231-6202,,0,0,4
20031231-6202,20071113-0607,,0,0,12
20031231-6213,20031231-6213,,0,0,15
20031231-6213,20041103-0566,,0,0,15
20031231-6214,20031231-6214,,0,0,15
20031231-6214,20090523-8818,,0,0,10
20031231-6224,20031231-6224,,0,0,15
20031231-6224,20050615-7712,,0,0,14
20031231-6229,20031231-6229,,0,0,15
20031231-6229,20061118-1061,,0,0,13
20031231-6233,20031231-6233,,0,0,15
20031231-6233,20070610-3574,,0,0,12
20031231-6239,20031231-6239,,0,0,15
20031231-6239,20071007-9802,,0,0,12
20031231-6240,20031231-6240,,0,0,15
20031231-6240,20050624-2549,,0,0,14
20031231-6241,20031231-6241,,0,0,15
20031231-6241,20050307-9133,,0,0,14
20031231-6250,20031231-6250,,0,0,15
20031231-6250,20080104-3780,,0,0,11
20031231-6256,20031231-6256,,0,0,15
20031231-6256,20100517-1139,,0,0,9
20031231-6259,20031231-6259,,0,0,15
20031231-6259,20040304-1165,,0,0,15
20031231-6262,20031231-6262,,0,0,15
20031231-6262,20050118-1307,,0,0,14
20031231-6280,20031231-6280,,0,0,15
20031231-6280,20090829-7344,,0,0,2
20031231-6284,20031231-6284,,0,0,15
20031231-6284,20070521-8301,,0,0,12
20031231-6301,20031231-6301,,0,0,15
20031231-6301,20090806-7489,,0,0,10
20031231-6305,20031231-6305,,0,0,15
20031231-6305,20050914-8974,,0,0,14
20031231-6311,20031231-6311,,0,0,15
20031231-6311,20081216-0389,,0,0,10
20031231-6327,20031231-6327,,0,0,15
20031231-6327,20060915-7415,,0,0,13
20031231-6328,20031231-6328,,0,0,15
20031231-6328,20080808-4229,,0,0,11
20031231-6329,20031231-6329,,0,0,15
20031231-6329,20050719-8948,,0,0,14
20031231-6330,20031231-6330,,0,0,15
20031231-6330,20071019-0650,,0,0,12
20031231-6332,20031231-6332,,0,0,15
20031231-6332,20081012-3709,,0,0,11
20031231-6335,20031231-6335,,0,0,15
20031231-6335,20070420-4172,,0,0,12
20031231-6341,20031231-6341,,0,0,15
20031231-6341,20051103-8748,,0,0,14
20031231-6350,20031231-6350,,0,0,15
20031231-6350,20060611-2593,,0,0,13
20031231-6356,20031231-6356,,0,0,15
20031231-6356,20080130-1139,,0,0,11
20031231-6366,20031231-6366,,0,0,15
20031231-6366,20101231-3700,,0,0,8
20031231-6398,20031231-6398,,0,0,15
20031231-6398,20060301-7670,,0,0,13
20031231-6399,20031231-6399,,0,0,15
20031231-6399,20070307-4310,,0,0,12
20031231-6400,20031231-6400,,0,0,15
20031231-6400,20071229-3034,,0,0,11
20031231-6405,20031231-6405,,0,0,15
20031231-6405,20070813-4685,,0,0,12
20031231-6409,20031231-6409,,0,0,15
20031231-6409,20101231-7039,,0,0,8
20031231-6417,20031231-6417,,0,0,15
20031231-6417,20090703-4273,,0,0,10
20031231-6418,20031231-6418,,0,0,15
20031231-6418,20070923-1368,,0,0,12
20031231-6425,20031231-6425,,0,0,15
20031231-6425,20101231-9014,,0,0,8
20031231-6441,20031231-6441,,0,0,15
20031231-6441,20070207-8970,,0,0,12
20031231-6447,20031231-6447,,0,0,15
20031231-6447,20061206-4869,,0,0,12
20031231-6455,20031231-6455,,0,0,15
20031231-6455,20100715-7573,,0,0,9
20031231-6469,20031231-6469,,0,0,15
20031231-6469,20050523-5772,,0,0,14
20031231-6472,20031231-6472,,0,0,15
20031231-6472,20060218-0356,,0,0,13
20031231-6476,20031231-6476,,0,0,1
20031231-6476,20081203-2724,,0,0,10
20031231-6483,20031231-6483,,0,0,15
20031231-6483,20060304-3213,,0,0,13
20031231-6485,20031231-6485,,0,0,15
20031231-6485,20080123-5759,,0,0,11
20031231-6489,20031231-6489,,0,0,15
20031231-6489,20060210-0895,,0,0,13
20031231-6490,20031231-6490,,0,0,15
20031231-6490,20060110-9772,,0,0,13
20031231-6493,20031231-6493,,0,0,15
20031231-6493,20071101-2695,,0,0,12
20031231-6495,20031231-6495,,0,0,15
20031231-6495,20060626-4737,,0,0,13
20031231-6503,20031231-6503,,0,0,15
20031231-6503,20050413-4574,,0,0,6
20031231-6512,20031231-6512,,0,0,15
20031231-6512,20040802-9215,,0,0,15
20031231-6520,20031231-6520,,0,0,15
20031231-6520,20080222-4175,,0,0,11
20031231-6525,20031231-6525,,0,0,15
20031231-6525,20101006-9031,,0,0,9
20031231-6534,20031231-6534,,0,0,15
20031231-6534,20091106-2591,,0,0,10
20031231-6556,20031231-6556,,0,0,15
20031231-6556,20090616-6840,,0,0,6
20031231-6575,20031231-6575,,0,0,15
20031231-6575,20061112-3976,,0,0,13
20031231-6579,20031231-6579,,0,0,15
20031231-6579,20050720-2825,,0,0,14
20031231-6580,20031231-6580,,0,0,15
20031231-6580,20031231-2907,,0,0,15
20031231-6584,20031231-6584,,0,0,15
20031231-6584,20070415-8048,,0,0,12
20031231-6590,20031231-6590,,0,0,15
20031231-6590,20070412-6169,,0,0,12
20031231-6598,20031231-6598,,0,0,15
20031231-6598,20080731-7913,,0,0,11
20031231-6604,20031231-6604,,0,0,15
20031231-6604,20050701-1066,,0,0,14
20031231-6610,20031231-6610,,0,0,15
20031231-6610,20070221-6047,,0,0,12
20031231-6629,20031231-6629,,0,0,15
20031231-6629,20070217-5332,,0,0,12
20031231-6631,20031231-6631,,0,0,15
20031231-6631,20061110-2627,,0,0,13
20031231-6646,20031231-6646,,0,0,15
20031231-6646,20070105-9596,,0,0,12
20031231-6653,20031231-6653,,0,0,15
20031231-6653,20051209-7146,,0,0,13
20031231-6659,20031231-6659,,0,0,15
20031231-6659,20100727-8123,,0,0,9
20031231-6675,20031231-6675,,0,0,15
20031231-6675,20101231-6170,,0,0,8
20031231-6691,20031231-6691,,0,0,15
20031231-6691,20070221-2204,,0,0,12
20031231-6706,20031231-6706,,0,0,15
20031231-6706,20070418-0521,,0,0,12
20031231-6708,20031231-6708,,0,0,15
20031231-6708,20100524-0229,,0,0,9
20031231-6711,20031231-6711,,0,0,15
20031231-6711,20060819-1225,,0,0,13
20031231-6729,20031231-6729,,0,0,15
20031231-6729,20050201-0870,,0,0,14
20031231-6746,20031231-6746,,0,0,15
20031231-6746,20040802-5843,,0,0,15
20031231-6751,20031231-6751,,0,0,15
20031231-6751,20040229-9976,,0,0,15
20031231-6753,20031231-6753,,0,0,15
20031231-6753,20090613-9447,,0,0,10
20031231-6757,20031231-6757,,0,0,15
20031231-6757,20040726-3679,,0,0,15
20031231-6759,20031231-6759,,0,0,15
20031231-6759,20080423-0877,,0,0,11
20031231-6790,20031231-6790,,0,0,15
20031231-6790,20040424-2940,,0,0,15
20031231-6793,20031231-6793,,0,0,15
20031231-6793,20040719-6436,,0,0,15
20031231-6802,20031231-6802,,0,0,15
20031231-6802,20070517-0982,,0,0,12
20031231-6821,20031231-6821,,0,0,15
20031231-6821,20090314-7012,,0,0,10
20031231-6827,20031231-6827,,0,0,15
20031231-6827,20031231-1879,,0,0,15
20031231-6838,20031231-6838,,0,0,15
20031231-6838,20040930-3575,,0,0,15
20031231-6842,20031231-6842,,0,0,15
20031231-6842,20101231-2472,,0,0,8
20031231-6849,20031231-6849,,0,0,11
20031231-6849,20060911-5482,,0,0,13
20031231-6851,20031231-6851,,0,0,15
20031231-6851,20070731-5541,,0,0,12
20031231-6854,20031231-6854,,0,0,15
20031231-6854,20060721-0096,,0,0,13
20031231-6871,20031231-6871,,0,0,15
20031231-6871,20080527-5318,,0,0,11
20031231-6873,20031231-6873,,0,0,15
20031231-6873,20100529-9520,,0,0,9
20031231-6882,20031231-6882,,0,0,0
20031231-6882,20080613-2688,,0,0,11
20031231-6906,20031231-6906,,0,0,7
20031231-6906,20040905-8906,,0,0,15
20031231-6908,20031231-6908,,0,0,15
20031231-6908,20090526-2880,,0,0,10
20031231-6923,20031231-6923,,0,0,15
20031231-6923,20090917-9637,,0,0,10
20031231-6929,20031231-6929,,0,0,15
20031231-6929,20070528-1728,,0,0,12
20031231-6934,20031231-6934,,0,0,15
20031231-6934,20080520-1116,,0,0,11
20031231-6946,20031231-6946,,0,0,15
20031231-6946,20060808-8573,,0,0,13
20031231-6950,20031231-6950,,0,0,15
20031231-6950,20061117-6930,,0,0,13
20031231-6952,20031231-6952,,0,0,15
20031231-6952,20071025-9178,,0,0,12
20031231-6958,20031231-6958,,0,0,15
20031231-6958,20080106-6133,,0,0,11
20031231-6967,20031231-6967,,0,0,15
20031231-6967,20060518-4405,,0,0,13
20031231-6980,20031231-6980,,0,0,0
20031231-6980,20090615-7740,,0,0,10
20031231-6982,20031231-6982,,0,0,15
20031231-6982,20051228-5182,,0,0,13
20031231-6983,20031231-6983,,0,0,15
20031231-6983,20040903-9352,,0,0,15
20031231-6997,20031231-6997,,0,0,15
20031231-6997,20061102-1253,,0,0,13
20031231-7001,20031231-7001,,0,0,15
20031231-7001,20071230-7277,,0,0,11
20031231-7013,20031231-7013,,0,0,15
20031231-7013,20061212-4400,,0,0,12
20031231-7017,20031231-7017,,0,0,15
20031231-7017,20070124-7148,,0,0,12
20031231-7030,20031231-7030,,0,0,6
20031231-7030,20060609-4794,,0,0,13
20031231-7042,20031231-7042,,0,0,15
20031231-7042,20031231-8869,,0,0,15
20031231-7049,20031231-7049,,0,0,15
20031231-7049,20070303-3138,,0,0,12
20031231-7067,20031231-7067,,0,0,15
20031231-7067,20070807-3178,,0,0,12
20031231-7068,20031231-7068,,0,0,15
20031231-7068,20070516-6555,,0,0,12
20031231-7074,20031231-7074,,0,0,15
20031231-7074,20071003-0819,,0,0,12
20031231-7079,20031231-7079,,0,0,15
20031231-7079,20090912-1873,,0,0,10
20031231-7088,20031231-7088,,0,0,15
20031231-7088,20051009-7856,,0,0,14
20031231-7089,20031231-7089,,0,0,15
20031231-7089,20060605-9254,,0,0,13
20031231-7092,20031231-7092,,0,0,15
20031231-7092,20060510-6999,,0,0,13
20031231-7095,20031231-7095,,0,0,15
20031231-7095,20100521-1167,,0,0,9
20031231-7097,20031231-7097,,0,0,15
20031231-7097,20070403-3399,,0,0,9
20031231-7103,20031231-7103,,0,0,15
20031231-7103,20070120-2520,,0,0,12
20031231-7112,20031231-7112,,0,0,15
20031231-7112,20031231-6094,,0,0,15
20031231-7122,20031231-7122,,0,0,15
20031231-7122,20060902-5226,,0,0,13
20031231-7136,20031231-7136,,0,0,15
20031231-7136,20061224-0526,,0,0,12
20031231-7140,20031231-7140,,0,0,15
20031231-7140,20050413-8298,,0,0,14
20031231-7152,20031231-7152,,0,0,15
20031231-7152,20081010-5361,,0,0,11
20031231-7160,20031231-7160,,0,0,15
20031231-7160,20101231-5535,,0,0,8
20031231-7169,20031231-7169,,0,0,15
20031231-7169,20050324-2071,,0,0,4
20031231-7174,20031231-7174,,0,0,15
20031231-7174,20041129-2278,,0,0,15
20031231-7177,20031231-7177,,0,0,15
20031231-7177,20060204-9438,,0,0,13
20031231-7193,20031231-7193,,0,0,13
20031231-7193,20060708-8328,,0,0,13
20031231-7194,20031231-7194,,0,0,0
20031231-7194,20061105-3563,,0,0,13
20031231-7195,20031231-7195,,0,0,15
20031231-7195,20070310-6660,,0,0,12
20031231-7203,20031231-7203,,0,0,15
20031231-7203,20090516-9781,,0,0,10
20031231-7213,20031231-7213,,0,0,15
20031231-7213,20051205-9635,,0,0,13
20031231-7228,20031231-7228,,0,0,15
20031231-7228,20051101-0770,,0,0,14
20031231-7237,20031231-7237,,0,0,15
20031231-7237,20051208-4721,,0,0,13
20031231-7253,20031231-7253,,0,0,15
20031231-7253,20050911-7877,,0,0,14
20031231-7256,20031231-7256,,0,0,15
20031231-7256,20091219-0219,,0,0,9
20031231-7258,20031231-7258,,0,0,15
20031231-7258,20031231-8248,,0,0,15
20031231-7260,20031231-7260,,0,0,15
20031231-7260,20071014-6330,,0,0,12
20031231-7270,20031231-7270,,0,0,15
20031231-7270,20031231-4080,,0,0,15
20031231-7277,20031231-7277,,0,0,15
20031231-7277,20050223-3650,,0,0,14
20031231-7280,20031231-7280,,0,0,15
20031231-7280,20071003-6375,,0,0,12
20031231-7288,20031231-7288,,0,0,15
20031231-7288,20080905-2501,,0,0,11
20031231-7298,20031231-7298,,0,0,15
20031231-7298,20090714-2118,,0,0,10
20031231-7324,20031231-7324,,0,0,15
20031231-7324,20091207-9339,,0,0,9
20031231-7326,20031231-7326,,0,0,15
20031231-7326,20101218-4185,,0,0,8
20031231-7350,20031231-7350,,0,0,15
20031231-7350,20040430-0779,,0,0,15
20031231-7351,20031231-7351,,0,0,15
20031231-7351,20101105-2456,,0,0,9
20031231-7376,20031231-7376,,0,0,15
20031231-7376,20101231-2351,,0,0,8
20031231-7382,20031231-7382,,0,0,13
20031231-7382,20050923-4827,,0,0,14
20031231-7384,20031231-7384,,0,0,15
20031231-7384,20101206-7043,,0,0,8
20031231-7386,20031231-7386,,0,0,15
20031231-7386,20070430-7886,,0,0,12
20031231-7399,20031231-7399,,0,0,15
20031231-7399,20071213-5750,,0,0,0
20031231-7402,20031231-7402,,0,0,15
20031231-7402,20081228-5580,,0,0,10
20031231-7410,20031231-7410,,0,0,15
20031231-7410,20090310-1619,,0,0,10
20031231-7415,20031231-7415,,0,0,15
20031231-7415,20060704-6113,,0,0,13
20031231-7418,20031231-7418,,0,0,15
20031231-7418,20051116-0021,,0,0,14
20031231-7423,20031231-7423,,0,0,15
20031231-7423,20060422-3397,,0,0,13
20031231-7454,20031231-7454,,0,0,15
20031231-7454,20090321-7509,,0,0,10
20031231-7455,20031231-7455,,0,0,6
20031231-7455,20101231-1081,,0,0,8
20031231-7457,20031231-7457,,0,0,15
20031231-7457,20070330-4653,,0,0,1
20031231-7482,20031231-7482,,0,0,15
20031231-7482,20040318-1756,,0,0,15
20031231-7494,20031231-7494,,0,0,15
20031231-7494,20070918-4016,,0,0,12
20031231-7495,20031231-7495,,0,0,15
20031231-7495,20070817-5171,,0,0,12
20031231-7509,20031231-7509,,0,0,15
20031231-7509,20040130-5759,,0,0,15
20031231-7526,20031231-7526,,0,0,15
20031231-7526,20060604-7526,,0,0,13
20031231-7530,20031231-7530,,0,0,15
20031231-7530,20060706-5981,,0,0,13
20031231-7538,20031231-7538,,0,0,15
20031231-7538,20070821-7047,,0,0,12
20031231-7554,20031231-7554,,0,0,15
20031231-7554,20041109-1512,,0,0,15
20031231-7555,20031231-7555,,0,0,15
20031231-7555,20090227-3499,,0,0,10
20031231-7558,20031231-7558,,0,0,15
20031231-7558,20100426-8513,,0,0,9
20031231-7574,20031231-7574,,0,0,15
20031231-7574,20040520-1152,,0,0,15
20031231-7575,20031231-7575,,0,0,15
20031231-7575,20080412-5879,,0,0,11
20031231-7579,20031231-7579,,0,0,15
20031231-7579,20070701-3110,,0,0,12
20031231-7582,20031231-7582,,0,0,15
20031231-7582,20070107-9920,,0,0,12
20031231-7590,20031231-7590,,0,0,15
20031231-7590,20040518-8263,,0,0,15
20031231-7594,20031231-7594,,0,0,15
20031231-7594,20040517-9337,,0,0,10
20031231-7596,20031231-7596,,0,0,15
20031231-7596,20060601-5851,,0,0,13
20031231-7604,20031231-7604,,0,0,15
20031231-7604,20071201-4401,,0,0,12
20031231-7610,20031231-7610,,0,0,15
20031231-7610,20080509-8355,,0,0,11
20031231-7615,20031231-7615,,0,0,15
20031231-7615,20060305-6213,,0,0,13
20031231-7625,20031231-7625,,0,0,15
20031231-7625,20101231-9953,,0,0,8
20031231-7636,20031231-7636,,0,0,15
20031231-7636,20080228-3830,,0,0,11
20031231-7640,20031231-7640,,0,0,5
20031231-7640,20070714-0866,,0,0,12
20031231-7643,20031231-7643,,0,0,15
20031231-7643,20041011-7107,,0,0,15
20031231-7649,20031231-7649,,0,0,15
20031231-7649,20101231-1345,,0,0,8
20031231-7653,20031231-7653,,0,0,7
20031231-7653,20090114-7468,,0,0,2
20031231-7655,20031231-7655,,0,0,14
20031231-7655,20060614-5861,,0,0,13
20031231-7679,20031231-7679,,0,0,15
20031231-7679,20041023-7030,,0,0,13
20031231-7691,20031231-7691,,0,0,15
20031231-7691,20061027-8219,,0,0,13
20031231-7698,20031231-7698,,0,0,15
20031231-7698,20070624-6588,,0,0,12
20031231-7706,20031231-7706,,0,0,15
20031231-7706,20090215-8742,,0,0,10
20031231-7710,20031231-7710,,0,0,15
20031231-7710,20081127-5048,,0,0,9
20031231-7716,20031231-7716,,0,0,15
20031231-7716,20080916-5233,,0,0,11
20031231-7732,20031231-7732,,0,0,2
20031231-7732,20100623-0158,,0,0,9
20031231-7735,20031231-7735,,0,0,15
20031231-7735,20040302-7393,,0,0,15
20031231-7750,20031231-7750,,0,0,15
20031231-7750,20071129-0744,,0,0,12
20031231-7752,20031231-7752,,0,0,15
20031231-7752,20051220-6091,,0,0,13
20031231-7764,20031231-7764,,0,0,15
20031231-7764,20101231-8336,,0,0,8
20031231-7766,20031231-7766,,0,0,15
20031231-7766,20060915-7926,,0,0,13
20031231-7774,20031231-7774,,0,0,15
20031231-7774,20050427-2483,,0,0,14
20031231-7781,20031231-7781,,0,0,15
20031231-7781,20050402-8739,,0,0,14
20031231-7785,20031231-7785,,0,0,15
20031231-7785,20031231-3493,,0,0,15
20031231-7801,20031231-7801,,0,0,15
20031231-7801,20070531-4903,,0,0,12
20031231-7805,20031231-7805,,0,0,15
20031231-7805,20050309-0983,,0,0,14
20031231-7809,20031231-7809,,0,0,15
20031231-7809,20100405-2193,,0,0,9
20031231-7830,20031231-7830,,0,0,15
20031231-7830,20081217-9664,,0,0,10
20031231-7837,20031231-7837,,0,0,3
20031231-7837,20031231-6140,,0,0,15
20031231-7841,20031231-7841,,0,0,15
20031231-7841,20101231-7995,,0,0,8
20031231-7849,20031231-7849,,0,0,15
20031231-7849,20050807-4504,,0,0,14
20031231-7851,20031231-7851,,0,0,15
20031231-7851,20060918-2178,,0,0,13
20031231-7861,20031231-7861,,0,0,8
20031231-7861,20070209-4173,,0,0,12
20031231-7874,20031231-7874,,0,0,15
20031231-7874,20091102-1973,,0,0,10
20031231-7882,20031231-7882,,0,0,15
20031231-7882,20080125-6004,,0,0,11
20031231-7889,20031231-7889,,0,0,15
20031231-7889,20081005-5416,,0,0,11
20031231-7890,20031231-7890,,0,0,15
20031231-7890,20060827-7712,,0,0,13
20031231-7891,20031231-7891,,0,0,8
20031231-7891,20100609-3806,,0,0,9
20031231-7894,20031231-7894,,0,0,15
20031231-7894,20070331-2362,,0,0,12
20031231-7897,20031231-7897,,0,0,15
20031231-7897,20090122-8911,,0,0,10
20031231-7901,20031231-7901,,0,0,15
20031231-7901,20101231-5544,,0,0,6
20031231-7906,20031231-7906,,0,0,15
20031231-7906,20090601-7974,,0,0,10
20031231-7911,20031231-7911,,0,0,15
20031231-7911,20050122-8691,,0,0,14
20031231-7913,20031231-7913,,0,0,15
20031231-7913,20101231-4907,,0,0,8
20031231-7914,20031231-7914,,0,0,15
20031231-7914,20051011-0259,,0,0,14
20031231-7929,20031231-7929,,0,0,15
20031231-7929,20070412-3963,,0,0,12
20031231-7945,20031231-7945,,0,0,15
20031231-7945,20031231-9210,,0,0,15
20031231-7949,20031231-7949,,0,0,15
20031231-7949,20080714-3555,,0,0,11
20031231-7960,20031231-7960,,0,0,15
20031231-7960,20050821-2292,,0,0,13
20031231-7964,20031231-7964,,0,0,15
20031231-7964,20080718-0335,,0,0,11
20031231-7969,20031231-7969,,0,0,15
20031231-7969,20101231-7467,,0,0,8
20031231-7979,20031231-7979,,0,0,15
20031231-7979,20070706-0241,,0,0,12
20031231-7980,20031231-7980,,0,0,15
20031231-7980,20040920-2472,,0,0,15
20031231-7988,20031231-7988,,0,0,15
20031231-7988,20031231-9680,,0,0,15
20031231-8003,20031231-8003,,0,0,15
20031231-8003,20081213-5990,,0,0,10
20031231-8007,20031231-8007,,0,0,15
20031231-8007,20081024-5379,,0,0,11
20031231-8019,20031231-8019,,0,0,15
20031231-8019,20101231-6844,,0,0,8
20031231-8029,20031231-8029,,0,0,15
20031231-8029,20060114-0523,,0,0,13
20031231-8035,20031231-8035,,0,0,15
20031231-8035,20040114-1153,,0,0,8
20031231-8039,20031231-8039,,0,0,15
20031231-8039,20060806-8552,,0,0,13
20031231-8042,20031231-8042,,0,0,15
20031231-8042,20081228-7003,,0,0,10
20031231-8065,20031231-8065,,0,0,15
20031231-8065,20050908-5881,,0,0,14
20031231-8072,20031231-8072,,0,0,15
20031231-8072,20100919-6217,,0,0,9
20031231-8083,20031231-8083,,0,0,15
20031231-8083,20071219-2692,,0,0,11
20031231-8084,20031231-8084,,0,0,15
20031231-8084,20100610-9013,,0,0,9
20031231-8095,20031231-8095,,0,0,15
20031231-8095,20081206-9827,,0,0,10
20031231-8101,20031231-8101,,0,0,15
20031231-8101,20101001-5943,,0,0,9
20031231-8111,20031231-8111,,0,0,15
20031231-8111,20101107-4090,,0,0,9
20031231-8123,20031231-8123,,0,0,15
20031231-8123,20101231-7533,,0,0,8
20031231-8124,20031231-8124,,0,0,15
20031231-8124,20090710-2200,,0,0,10
20031231-8128,20031231-8128,,0,0,15
20031231-8128,20050326-8930,,0,0,14
20031231-8133,20031231-8133,,0,0,15
20031231-8133,20070228-2311,,0,0,12
20031231-8140,20031231-8140,,0,0,15
20031231-8140,20090904-0166,,0,0,10
20031231-8153,20031231-8153,,0,0,10
20031231-8153,20051226-0262,,0,0,13
20031231-8155,20031231-8155,,0,0,15
20031231-8155,20070502-8016,,0,0,12
20031231-8161,20031231-8161,,0,0,15
20031231-8161,20031231-1774,,0,0,15
20031231-8172,20031231-8172,,0,0,15
20031231-8172,20080122-5463,,0,0,11
20031231-8173,20031231-8173,,0,0,15
20031231-8173,20091218-7870,,0,0,9
20031231-8174,20031231-8174,,0,0,15
20031231-8174,20090328-5137,,0,0,10
20031231-8181,20031231-8181,,0,0,15
20031231-8181,20070502-6676,,0,0,12
20031231-8182,20031231-8182,,0,0,15
20031231-8182,20050918-7471,,0,0,14
20031231-8184,20031231-8184,,0,0,15
20031231-8184,20070908-6012,,0,0,12
20031231-8190,20031231-8190,,0,0,15
20031231-8190,20101231-5873,,0,0,8
20031231-8194,20031231-8194,,0,0,15
20031231-8194,20060713-8177,,0,0,13
20031231-8195,20031231-8195,,0,0,15
20031231-8195,20081208-7302,,0,0,10
20031231-8197,20031231-8197,,0,0,15
20031231-8197,20080304-6836,,0,0,11
20031231-8204,20031231-8204,,0,0,15
20031231-8204,20080918-3613,,0,0,11
20031231-8207,20031231-8207,,0,0,15
20031231-8207,20031231-2810,,0,0,15
20031231-8209,20031231-8209,,0,0,15
20031231-8209,20081107-5992,,0,0,11
20031231-8221,20031231-8221,,0,0,10
20031231-8221,20091030-4354,,0,0,10
20031231-8226,20031231-8226,,0,0,15
20031231-8226,20080209-1280,,0,0,11
20031231-8230,20031231-8230,,0,0,15
20031231-8230,20031231-4045,,0,0,15
20031231-8249,20031231-8249,,0,0,15
20031231-8249,20060208-8762,,0,0,13
20031231-8252,20031231-8252,,0,0,15
20031231-8252,20080218-5082,,0,0,11
20031231-8266,20031231-8266,,0,0,15
20031231-8266,20080928-4580,,0,0,11
20031231-8275,20031231-8275,,0,0,15
20031231-8275,20090119-3906,,0,0,10
20031231-8279,20031231-8279,,0,0,15
20031231-8279,20060622-5595,,0,0,13
20031231-8287,20031231-8287,,0,0,15
20031231-8287,20071023-7383,,0,0,12
20031231-8297,20031231-8297,,0,0,15
20031231-8297,20061021-7183,,0,0,13
20031231-8339,20031231-8339,,0,0,15
20031231-8339,20101231-1182,,0,0,8
20031231-8345,20031231-8345,,0,0,15
20031231-8345,20070927-1473,,0,0,12
20031231-8350,20031231-8350,,0,0,15
20031231-8350,20070125-4204,,0,0,12
20031231-8353,20031231-8353,,0,0,15
20031231-8353,20050813-7201,,0,0,14
20031231-8355,20031231-8355,,0,0,15
20031231-8355,20080320-4634,,0,0,11
20031231-8359,20031231-8359,,0,0,15
20031231-8359,20060605-9896,,0,0,13
20031231-8369,20031231-8369,,0,0,15
20031231-8369,20101222-6962,,0,0,8
20031231-8370,20031231-8370,,0,0,15
20031231-8370,20031231-0221,,0,0,15
20031231-8387,20031231-8387,,0,0,15
20031231-8387,20100521-0788,,0,0,9
20031231-8408,20031231-8408,,0,0,15
20031231-8408,20031231-1007,,0,0,15
20031231-8420,20031231-8420,,0,0,15
20031231-8420,20041021-7498,,0,0,15
20031231-8426,20031231-8426,,0,0,15
20031231-8426,20060909-0304,,0,0,13
20031231-8438,20031231-8438,,0,0,15
20031231-8438,20061201-1730,,0,0,8
20031231-8440,20031231-8440,,0,0,6
20031231-8440,20060118-7829,,0,0,13
20031231-8453,20031231-8453,,0,0,15
20031231-8453,20101231-9145,,0,0,8
20031231-8454,20031231-8454,,0,0,15
20031231-8454,20050728-3590,,0,0,14
20031231-8456,20031231-8456,,0,0,15
20031231-8456,20101231-5975,,0,0,8
20031231-8458,20031231-8458,,0,0,15
20031231-8458,20090905-3021,,0,0,10
20031231-8459,20031231-8459,,0,0,0
20031231-8459,20070709-2285,,0,0,12
20031231-8469,20031231-8469,,0,0,15
20031231-8469,20080326-8257,,0,0,11
20031231-8470,20031231-8470,,0,0,15
20031231-8470,20050919-3530,,0,0,14
20031231-8473,20031231-8473,,0,0,15
20031231-8473,20070105-4758,,0,0,12
20031231-8489,20031231-8489,,0,0,15
20031231-8489,20060216-0890,,0,0,13
20031231-8505,20031231-8505,,0,0,15
20031231-8505,20061013-3420,,0,0,13
20031231-8510,20031231-8510,,0,0,15
20031231-8510,20040923-1959,,0,0,15
20031231-8515,20031231-8515,,0,0,15
20031231-8515,20051027-7986,,0,0,14
20031231-8520,20031231-8520,,0,0,15
20031231-8520,20091022-1705,,0,0,10
20031231-8521,20031231-8521,,0,0,15
20031231-8521,20080820-3855,,0,0,11
20031231-8554,20031231-8554,,0,0,15
20031231-8554,20090213-1804,,0,0,10
20031231-8562,20031231-8562,,0,0,15
20031231-8562,20101231-3463,,0,0,8
20031231-8568,20031231-8568,,0,0,15
20031231-8568,20080714-1975,,0,0,11
20031231-8570,20031231-8570,,0,0,15
20031231-8570,20080505-5437,,0,0,11
20031231-8574,20031231-8574,,0,0,15
20031231-8574,20031231-4700,,0,0,15
20031231-8587,20031231-8587,,0,0,15
20031231-8587,20090619-6268,,0,0,10
20031231-8590,20031231-8590,,0,0,15
20031231-8590,20050918-1990,,0,0,14
20031231-8592,20031231-8592,,0,0,15
20031231-8592,20060102-0462,,0,0,13
20031231-8599,20031231-8599,,0,0,15
20031231-8599,20080411-2374,,0,0,11
20031231-8616,20031231-8616,,0,0,15
20031231-8616,20090110-8672,,0,0,10
20031231-8620,20031231-8620,,0,0,15
20031231-8620,20061210-5790,,0,0,12
20031231-8662,20031231-8662,,0,0,15
20031231-8662,20041119-9415,,0,0,5
20031231-8676,20031231-8676,,0,0,15
20031231-8676,20060307-0504,,0,0,13
20031231-8679,20031231-8679,,0,0,15
20031231-8679,20101126-8746,,0,0,9
20031231-8682,20031231-8682,,0,0,15
20031231-8682,20070511-7299,,0,0,12
20031231-8688,20031231-8688,,0,0,15
20031231-8688,20080506-4795,,0,0,11
20031231-8697,20031231-8697,,0,0,15
20031231-8697,20070919-2370,,0,0,12
20031231-8698,20031231-8698,,0,0,15
20031231-8698,20040608-9796,,0,0,15
20031231-8703,20031231-8703,,0,0,15
20031231-8703,20060908-5664,,0,0,13
20031231-8707,20031231-8707,,0,0,15
20031231-8707,20100726-8535,,0,0,9
20031231-8714,20031231-8714,,0,0,15
20031231-8714,20031231-1425,,0,0,15
20031231-8721,20031231-8721,,0,0,15
20031231-8721,20031231-8710,,0,0,15
20031231-8724,20031231-8724,,0,0,15
20031231-8724,20080723-6894,,0,0,11
20031231-8728,20031231-8728,,0,0,15
20031231-8728,20080706-9098,,0,0,11
20031231-8730,20031231-8730,,0,0,15
20031231-8730,20070330-5791,,0,0,12
20031231-8746,20031231-8746,,0,0,15
20031231-8746,20050426-6131,,0,0,14
20031231-8752,20031231-8752,,0,0,15
20031231-8752,20071003-7552,,0,0,12
20031231-8758,20031231-8758,,0,0,15
20031231-8758,20070612-0098,,0,0,12
20031231-8767,20031231-8767,,0,0,15
20031231-8767,20070420-9051,,0,0,12
20031231-8768,20031231-8768,,0,0,15
20031231-8768,20101231-3411,,0,0,8
20031231-8777,20031231-8777,,0,0,15
20031231-8777,20060926-8748,,0,0,13
20031231-8783,20031231-8783,,0,0,15
20031231-8783,20031231-3409,,0,0,15
20031231-8785,20031231-8785,,0,0,15
20031231-8785,20080627-5001,,0,0,11
20031231-8789,20031231-8789,,0,0,15
20031231-8789,20090315-2377,,0,0,10
20031231-8794,20031231-8794,,0,0,15
20031231-8794,20070708-1894,,0,0,12
20031231-8798,20031231-8798,,0,0,15
20031231-8798,20100626-3493,,0,0,8
20031231-8803,20031231-8803,,0,0,15
20031231-8803,20050301-7312,,0,0,14
20031231-8813,20031231-8813,,0,0,15
20031231-8813,20051029-5490,,0,0,14
20031231-8818,20031231-8818,,0,0,15
20031231-8818,20081014-1050,,0,0,11
20031231-8821,20031231-8821,,0,0,15
20031231-8821,20081121-9362,,0,0,11
20031231-8822,20031231-8822,,0,0,15
20031231-8822,20090910-4825,,0,0,9
20031231-8825,20031231-8825,,0,0,15
20031231-8825,20070830-5529,,0,0,12
20031231-8828,20031231-8828,,0,0,15
20031231-8828,20050220-5704,,0,0,14
20031231-8842,20031231-8842,,0,0,15
20031231-8842,20080705-7629,,0,0,11
20031231-8863,20031231-8863,,0,0,15
20031231-8863,20060223-8748,,0,0,13
20031231-8872,20031231-8872,,0,0,15
20031231-8872,20080925-3922,,0,0,11
20031231-8883,20031231-8883,,0,0,15
20031231-8883,20060315-5810,,0,0,13
20031231-8889,20031231-8889,,0,0,15
20031231-8889,20040117-8810,,0,0,15
20031231-8894,20031231-8894,,0,0,15
20031231-8894,20080324-0243,,0,0,11
20031231-8901,20031231-8901,,0,0,15
20031231-8901,20031231-8968,,0,0,15
20031231-8917,20031231-8917,,0,0,15
20031231-8917,20080824-1002,,0,0,11
20031231-8919,20031231-8919,,0,0,15
20031231-8919,20061023-8617,,0,0,13
20031231-8923,20031231-8923,,0,0,15
20031231-8923,20080712-7829,,0,0,11
20031231-8947,20031231-8947,,0,0,15
20031231-8947,20050802-5720,,0,0,14
20031231-8948,20031231-8948,,0,0,15
20031231-8948,20101231-7606,,0,0,8
20031231-8960,20031231-8960,,0,0,15
20031231-8960,20080208-2030,,0,0,11
20031231-8969,20031231-8969,,0,0,9
20031231-8969,20050315-4914,,0,0,14
20031231-8970,20031231-8970,,0,0,15
20031231-8970,20050510-3982,,0,0,14
20031231-8972,20031231-8972,,0,0,15
20031231-8972,20070523-9289,,0,0,2
20031231-8973,20031231-8973,,0,0,15
20031231-8973,20070427-3243,,0,0,12
20031231-8976,20031231-8976,,0,0,15
20031231-8976,20050212-4933,,0,0,14
20031231-8982,20031231-8982,,0,0,15
20031231-8982,20090829-5848,,0,0,10
20031231-8985,20031231-8985,,0,0,15
20031231-8985,20060828-0894,,0,0,13
20031231-8992,20031231-8992,,0,0,15
20031231-8992,20090524-5433,,0,0,10
20031231-8998,20031231-8998,,0,0,15
20031231-8998,20041030-8774,,0,0,15
20031231-8999,20031231-8999,,0,0,15
20031231-8999,20050822-6766,,0,0,14
20031231-9000,20031231-9000,,0,0,15
20031231-9000,20040614-4403,,0,0,15
20031231-9001,20031231-9001,,0,0,15
20031231-9001,20080223-2021,,0,0,11
20031231-9008,20031231-9008,,0,0,15
20031231-9008,20081101-1242,,0,0,11
20031231-9016,20031231-9016,,0,0,15
20031231-9016,20071229-9749,,0,0,11
20031231-9018,20031231-9018,,0,0,15
20031231-9018,20060601-4459,,0,0,13
20031231-9027,20031231-9027,,0,0,15
20031231-9027,20060403-5991,,0,0,13
20031231-9037,20031231-9037,,0,0,15
20031231-9037,20060730-9646,,0,0,13
20031231-9047,20031231-9047,,0,0,15
20031231-9047,20090623-7190,,0,0,10
20031231-9052,20031231-9052,,0,0,15
20031231-9052,20060129-1356,,0,0,13
20031231-9058,20031231-9058,,0,0,15
20031231-9058,20031231-8409,,0,0,15
20031231-9064,20031231-9064,,0,0,15
20031231-9064,20100306-4587,,0,0,9
20031231-9072,20031231-9072,,0,0,15
20031231-9072,20070403-0181,,0,0,8
20031231-9082,20031231-9082,,0,0,15
20031231-9082,20080302-6305,,0,0,11
20031231-9091,20031231-9091,,0,0,15
20031231-9091,20040505-6235,,0,0,15
20031231-9095,20031231-9095,,0,0,15
20031231-9095,20050906-2008,,0,0,14
20031231-9106,20031231-9106,,0,0,15
20031231-9106,20070111-7843,,0,0,12
20031231-9112,20031231-9112,,0,0,15
20031231-9112,20060205-6686,,0,0,13
20031231-9114,20031231-9114,,0,0,15
20031231-9114,20090705-8259,,0,0,10
20031231-9117,20031231-9117,,0,0,15
20031231-9117,20031231-6583,,0,0,1
20031231-9138,20031231-9138,,0,0,15
20031231-9138,20070730-2427,,0,0,12
20031231-9145,20031231-9145,,0,0,15
20031231-9145,20080319-5497,,0,0,11
20031231-9149,20031231-9149,,0,0,15
20031231-9149,20040321-4002,,0,0,15
20031231-9151,20031231-9151,,0,0,15
20031231-9151,20050901-5453,,0,0,13
20031231-9152,20031231-9152,,0,0,15
20031231-9152,20100704-7967,,0,0,9
20031231-9155,20031231-9155,,0,0,15
20031231-9155,20080927-7985,,0,0,11
20031231-9157,20031231-9157,,0,0,15
20031231-9157,20051203-1394,,0,0,13
20031231-9164,20031231-9164,,0,0,15
20031231-9164,20080302-5188,,0,0,11
20031231-9172,20031231-9172,,0,0,15
20031231-9172,20080211-1257,,0,0,11
20031231-9173,20031231-9173,,0,0,3
20031231-9173,20100807-0158,,0,0,9
20031231-9175,20031231-9175,,0,0,15
20031231-9175,20080514-6196,,0,0,11
20031231-9180,20031231-9180,,0,0,15
20031231-9180,20081220-3936,,0,0,10
20031231-9217,20031231-9217,,0,0,15
20031231-9217,20100519-0155,,0,0,9
20031231-9218,20031231-9218,,0,0,15
20031231-9218,20070807-4072,,0,0,12
20031231-9243,20031231-9243,,0,0,10
20031231-9243,20101231-7545,,0,0,8
20031231-9250,20031231-9250,,0,0,15
20031231-9250,20081128-0561,,0,0,11
20031231-9260,20031231-9260,,0,0,15
20031231-9260,20061008-4257,,0,0,13
20031231-9267,20031231-9267,,0,0,15
20031231-9267,20060314-4354,,0,0,13
20031231-9270,20031231-9270,,0,0,15
20031231-9270,20070523-9408,,0,0,12
20031231-9271,20031231-9271,,0,0,15
20031231-9271,20060723-4920,,0,0,13
20031231-9273,20031231-9273,,0,0,15
20031231-9273,20040723-8488,,0,0,15
20031231-9275,20031231-9275,,0,0,15
20031231-9275,20100708-1624,,0,0,9
20031231-9277,20031231-9277,,0,0,15
20031231-9277,20091226-4245,,0,0,9
20031231-9278,20031231-9278,,0,0,15
20031231-9278,20061021-0271,,0,0,13
20031231-9293,20031231-9293,,0,0,15
20031231-9293,20090108-7990,,0,0,10
20031231-9295,20031231-9295,,0,0,15
20031231-9295,20080607-9505,,0,0,11
20031231-9297,20031231-9297,,0,0,15
20031231-9297,20050729-2967,,0,0,14
20031231-9299,20031231-9299,,0,0,15
20031231-9299,20101231-4533,,0,0,8
20031231-9308,20031231-9308,,0,0,15
20031231-9308,20101231-9050,,0,0,8
20031231-9343,20031231-9343,,0,0,15
20031231-9343,20080219-9266,,0,0,11
20031231-9347,20031231-9347,,0,0,15
20031231-9347,20090404-1576,,0,0,10
20031231-9358,20031231-9358,,0,0,15
20031231-9358,20040914-8645,,0,0,15
20031231-9394,20031231-9394,,0,0,15
20031231-9394,20050206-1183,,0,0,14
20031231-9399,20031231-9399,,0,0,15
20031231-9399,20101231-0698,,0,0,8
20031231-9401,20031231-9401,,0,0,15
20031231-9401,20100927-2678,,0,0,9
20031231-9403,20031231-9403,,0,0,15
20031231-9403,20080520-4382,,0,0,11
20031231-9408,20031231-9408,,0,0,15
20031231-9408,20101231-6462,,0,0,8
20031231-9426,20031231-9426,,0,0,15
20031231-9426,20070606-9166,,0,0,12
20031231-9435,20031231-9435,,0,0,15
20031231-9435,20100102-5461,,0,0,9
20031231-9455,20031231-9455,,0,0,15
20031231-9455,20090616-5639,,0,0,10
20031231-9461,20031231-9461,,0,0,15
20031231-9461,20050329-4600,,0,0,14
20031231-9462,20031231-9462,,0,0,15
20031231-9462,20070627-9491,,0,0,12
20031231-9469,20031231-9469,,0,0,15
20031231-9469,20061216-6722,,0,0,12
20031231-9472,20031231-9472,,0,0,15
20031231-9472,20060127-2102,,0,0,13
20031231-9487,20031231-9487,,0,0,15
20031231-9487,20041107-3542,,0,0,15
20031231-9493,20031231-9493,,0,0,15
20031231-9493,20040715-3586,,0,0,15
20031231-9506,20031231-9506,,0,0,15
20031231-9506,20091122-7192,,0,0,10
20031231-9508,20031231-9508,,0,0,15
20031231-9508,20050202-6083,,0,0,14
20031231-9530,20031231-9530,,0,0,14
20031231-9530,20090112-9317,,0,0,10
20031231-9541,20031231-9541,,0,0,15
20031231-9541,20070225-5806,,0,0,12
20031231-9544,20031231-9544,,0,0,15
20031231-9544,20070121-7152,,0,0,12
20031231-9545,20031231-9545,,0,0,15
20031231-9545,20060328-4122,,0,0,13
20031231-9550,20031231-9550,,0,0,15
20031231-9550,20051009-9770,,0,0,14
20031231-9553,20031231-9553,,0,0,15
20031231-9553,20070617-7063,,0,0,12
20031231-9558,20031231-9558,,0,0,15
20031231-9558,20071213-2140,,0,0,11
20031231-9570,20031231-9570,,0,0,15
20031231-9570,20081111-0902,,0,0,11
20031231-9576,20031231-9576,,0,0,15
20031231-9576,20101231-3176,,0,0,8
20031231-9577,20031231-9577,,0,0,15
20031231-9577,20070504-0525,,0,0,12
20031231-9578,20031231-9578,,0,0,15
20031231-9578,20050809-2055,,0,0,14
20031231-9610,20031231-9610,,0,0,15
20031231-9610,20081122-4200,,0,0,11
20031231-9611,20031231-9611,,0,0,15
20031231-9611,20101231-8347,,0,0,8
20031231-9616,20031231-9616,,0,0,15
20031231-9616,20080629-0135,,0,0,11
20031231-9631,20031231-9631,,0,0,15
20031231-9631,20081031-8227,,0,0,11
20031231-9636,20031231-9636,,0,0,15
20031231-9636,20071115-8143,,0,0,12
20031231-9640,20031231-9640,,0,0,15
20031231-9640,20101231-4938,,0,0,8
20031231-9660,20031231-9660,,0,0,15
20031231-9660,20040921-9291,,0,0,15
20031231-9668,20031231-9668,,0,0,15
20031231-9668,20050803-4656,,0,0,14
20031231-9670,20031231-9670,,0,0,15
20031231-9670,20050730-9867,,0,0,14
20031231-9671,20031231-9671,,0,0,15
20031231-9671,20101223-6687,,0,0,8
20031231-9675,20031231-9675,,0,0,15
20031231-9675,20090413-8045,,0,0,10
20031231-9681,20031231-9681,,0,0,8
20031231-9681,20090104-4727,,0,0,10
20031231-9683,20031231-9683,,0,0,15
20031231-9683,20080424-3896,,0,0,11
20031231-9685,20031231-9685,,0,0,0
20031231-9685,20101231-4713,,0,0,8
20031231-9687,20031231-9687,,0,0,15
20031231-9687,20071007-8509,,0,0,12
20031231-9725,20031231-9725,,0,0,15
20031231-9725,20061007-5610,,0,0,13
20031231-9728,20031231-9728,,0,0,15
20031231-9728,20061025-1926,,0,0,13
20031231-9737,20031231-9737,,0,0,7
20031231-9737,20050826-7890,,0,0,14
20031231-9743,20031231-9743,,0,0,15
20031231-9743,20070624-4662,,0,0,12
20031231-9749,20031231-9749,,0,0,15
20031231-9749,20081011-3173,,0,0,11
20031231-9750,20031231-9750,,0,0,15
20031231-9750,20070628-2962,,0,0,12
20031231-9756,20031231-9756,,0,0,15
20031231-9756,20050607-2913,,0,0,14
20031231-9759,20031231-9759,,0,0,15
20031231-9759,20060518-8733,,0,0,13
20031231-9763,20031231-9763,,0,0,15
20031231-9763,20050620-6215,,0,0,14
20031231-9764,20031231-9764,,0,0,15
20031231-9764,20041008-3607,,0,0,15
20031231-9770,20031231-9770,,0,0,15
20031231-9770,20081007-2700,,0,0,11
20031231-9773,20031231-9773,,0,0,15
20031231-9773,20040925-6147,,0,0,15
20031231-9775,20031231-9775,,0,0,12
20031231-9775,20080226-6301,,0,0,11
20031231-9785,20031231-9785,,0,0,15
20031231-9785,20040923-4887,,0,0,15
20031231-9812,20031231-9812,,0,0,15
20031231-9812,20071224-0289,,0,0,11
20031231-9817,20031231-9817,,0,0,15
20031231-9817,20040716-8266,,0,0,15
20031231-9833,20031231-9833,,0,0,15
20031231-9833,20090125-6877,,0,0,10
20031231-9838,20031231-9838,,0,0,15
20031231-9838,20070902-0335,,0,0,12
20031231-9857,20031231-9857,,0,0,1
20031231-9857,20081023-4992,,0,0,11
20031231-9859,20031231-9859,,0,0,15
20031231-9859,20050213-0064,,0,0,14
20031231-9861,20031231-9861,,0,0,15
20031231-9861,20071003-6753,,0,0,12
20031231-9887,20031231-9887,,0,0,15
20031231-9887,20070201-2063,,0,0,12
20031231-9898,20031231-9898,,0,0,15
20031231-9898,20051102-2094,,0,0,14
20031231-9900,20031231-9900,,0,0,15
20031231-9900,20091009-7039,,0,0,10
20031231-9917,20031231-9917,,0,0,15
20031231-9917,20070306-3542,,0,0,12
20031231-9921,20031231-9921,,0,0,15
20031231-9921,20090216-7007,,0,0,10
20031231-9923,20031231-9923,,0,0,15
20031231-9923,20080510-3031,,0,0,9
20031231-9925,20031231-9925,,0,0,15
20031231-9925,20050915-5083,,0,0,14
20031231-9931,20031231-9931,,0,0,15
20031231-9931,20071031-4625,,0,0,12
20031231-9932,20031231-9932,,0,0,15
20031231-9932,20031231-7824,,0,0,15
20031231-9934,20031231-9934,,0,0,15
20031231-9934,20070410-7537,,0,0,12
20031231-9946,20031231-9946,,0,0,15
20031231-9946,20091019-0278,,0,0,10
20031231-9951,20031231-9951,,0,0,15
20031231-9951,20060813-2192,,0,0,13
20031231-9960,20031231-9960,,0,0,15
20031231-9960,20070925-1012,,0,0,1
20031231-9964,20031231-9964,,0,0,15
20031231-9964,20060509-6541,,0,0,13
20031231-9976,20031231-9976,,0,0,15
20031231-9976,20080113-4329,,0,0,8
20031231-9977,20031231-9977,,0,0,15
20031231-9977,20090317-4306,,0,0,10
20031231-9985,20031231-9985,,0,0,15
20031231-9985,20080801-3925,,0,0,11
20031231-9997,20031231-9997,,0,0,4
20031231-9997,20101231-0067,,0,0,8
